{
  "Color1": {
    "X": 0.9411765,
    "Y": 0.94509804,
    "Z": 0.9411765,
    "W": 1.0
  },
  "Color2": {
    "X": 0.5176471,
    "Y": 0.4627451,
    "Z": 0.7294118,
    "W": 1.0
  },
  "SelectColor": {
    "X": 0.7176471,
    "Y": 0.8117647,
    "Z": 0.8666667,
    "W": 1.0
  },
  "SquareSize": 101,
  "EnginePath": "%USERPROFILE%\\Downloads\\stockfish-windows-x86-64\\stockfish\\stockfish-windows-x86-64.exe",
  "MoveTime": 2000,
  "Strength": 20,
  "MaxTries": 1000
}